Top pages,Clicks,Impressions,CTR,Position
https://www.adhdotech.org/,37,375,9.87%,8.8
https://www.adhdotech.org/about,17,413,4.12%,6.19
https://www.adhdotech.org/post/מהי-הפרעת-קשב-adhd-ומה-הקשר-לקומורבידיות,13,2204,0.59%,9.31
https://www.adhdotech.org/mentoring-program,11,103,10.68%,7.67
https://www.adhdotech.org/en/about,4,273,1.47%,5.88
https://www.adhdotech.org/org-solutions,4,97,4.12%,7.95
https://www.adhdotech.org/en/mentoring-program,2,247,0.81%,18.51
https://www.adhdotech.org/post/מקסם-את-הריכוז-שלך-בעזרת-מנטור-adhd,2,88,2.27%,6.31
https://www.adhdotech.org/q-a,2,49,4.08%,6.69
https://www.adhdotech.org/post/להבין-את-התסמינים-של-adhdמעבר-לסטריאוטיפים-ולאורך-מעגל-החיים,1,180,0.56%,10.32
https://www.adhdotech.org/en,1,94,1.06%,9.3
https://www.adhdotech.org/event-details/typwl-qwgpn-yk-zh-wbd-wyk-zh-ysnh-t-ykwt-hhyym-slk,1,50,2%,11.74
https://www.adhdotech.org/event-details/tqsybw-rg-hprt-qsb-zl-nsym,1,10,10%,4.7
https://www.adhdotech.org/blog,0,41,0%,11.37
https://www.adhdotech.org/event-details/hsmym-phdym-wyk-mnhlym-wtm,0,30,0%,11.23
https://www.adhdotech.org/post/תמיכה-בהייטק-דרך-עמותת-adhdotech,0,22,0%,26.36
https://www.adhdotech.org/contact,0,21,0%,3.62
https://www.adhdotech.org/event-details/nsym-m-hprt-qsb-wpltnwt-ytr-hrzt-sptmbr-hm-ys-dbr-kzh-bkll-dr-rwyt-grwmbrg-wrd,0,14,0%,4.79
https://www.adhdotech.org/event-details/hrzt-wqtwbri-nsym-m-hprt-qsb-wpltnwt-ytr-hm-ys-dbr-kzh-bkll-dr-rwyt-grwmbrg-wrdy,0,14,0%,7.43
https://www.adhdotech.org/post/כששנינו-מוח-טורבו-לעבוד-ולהוביל-עם-קשב-בהיי-טק,0,14,0%,10
https://www.adhdotech.org/onpager,0,13,0%,10.69
https://www.adhdotech.org/en/event-details/typwl-qwgpn-yk-zh-wbd-wyk-zh-ysnh-t-ykwt-hhyym-slk,0,12,0%,4.5
https://www.adhdotech.org/en/blog,0,11,0%,12.64
https://www.adhdotech.org/gallery,0,8,0%,5.25
https://www.adhdotech.org/s-projects-side-by-side,0,8,0%,14.12
https://www.adhdotech.org/en/onpager,0,8,0%,20.25
https://www.adhdotech.org/en/org-solutions,0,7,0%,7.43
https://www.adhdotech.org/en/qmark-mapping,0,7,0%,8.14
https://www.adhdotech.org/blank-1,0,6,0%,13.33
https://www.adhdotech.org/en/contact,0,6,0%,23.33
https://www.adhdotech.org/events-recording,0,5,0%,16.6
https://www.adhdotech.org/en/q-a,0,2,0%,10.5
https://www.adhdotech.org/en/event-details/hrzt-ywlyi-yk-strs-hwrs-lkm-t-hrykwz-nwhr-bls-wgt-brmy-mrkz-slmym,0,2,0%,19
https://www.adhdotech.org/en/event-details/hrzt-wqtwbri-nsym-m-hprt-qsb-wpltnwt-ytr-hm-ys-dbr-kzh-bkll-dr-rwyt-grwmbrg-wrdy,0,2,0%,21.5
https://www.adhdotech.org/en/event-details/nsym-m-hprt-qsb-wpltnwt-ytr-hrzt-sptmbr-hm-ys-dbr-kzh-bkll-dr-rwyt-grwmbrg-wrd,0,1,0%,32