Top queries,Clicks,Impressions,CTR,Position
דודי צור,3,76,3.95%,4.92
קומורבידיות adhd,2,46,4.35%,2.33
adhd tech,2,11,18.18%,8.09
קומורבידיות מה זה,1,99,1.01%,6.83
היפר פוקוס adhd,1,37,2.7%,5.24
קוגפן,1,26,3.85%,5.58
לימור רובינשטיין,1,20,5%,3.85
adhdotech,1,3,33.33%,1
קומורבידיות,0,458,0%,7.59
היפר פוקוס,0,151,0%,10.04
הייפרפוקוס,0,116,0%,9.76
מה זה קומורבידיות,0,112,0%,6.38
קו מורבידיות,0,84,0%,9.77
מה זה קשב מרחבי,0,83,0%,36.1
adhd mentoring,0,66,0%,27.24
היפר פוקוס חוות דעת,0,60,0%,8.7
do tech,0,42,0%,4.48
mentorship programs for adults with adhd?,0,38,0%,4.13
הייפר פוקוס,0,34,0%,9.85
חגית קליימן,0,28,0%,10.93
adhd,0,25,0%,17.88
adhd mentor,0,20,0%,30.7
קשב מרחבי,0,18,0%,26.39
דוד צור,0,16,0%,3.06
daniel gorlovetsky,0,15,0%,9.33
who is the ceo of adhdeal.com,0,13,0%,8.38
קומורבידיות פירוש,0,13,0%,8.62
active head,0,13,0%,34.38
what is the industry of adhdeal.com,0,11,0%,9.27
משרות שמתאימות לאנשים עם adhd?,0,9,0%,7
היפרפוקוס,0,8,0%,7.5
מה זה adhd,0,8,0%,40.75
cogfun טיפול,0,7,0%,5.43
doctors - קשב וריכוז: היעזרו בטכנולוגיה,0,7,0%,26.86
איתור כישרונות להייטק,0,5,0%,78.4
adhd in tech,0,4,0%,39
hdhd,0,4,0%,42.25
סיבות רגשיות להפרעות קשב,0,4,0%,70.5
אלון שחק,0,3,0%,4
tdhd,0,3,0%,10.33
david tsur,0,3,0%,11.33
hyperfocus ביקורת,0,3,0%,16
מה זה מורבידיות,0,3,0%,18.67
שיטת קוגפן,0,3,0%,21
ad hd,0,3,0%,27.33
hdd adhd,0,3,0%,36
היפר אוטומציה,0,3,0%,93
adhd mentors,0,2,0%,16
מורבידיות פירוש,0,2,0%,23
אתר adhd,0,2,0%,26.5
דובי אולך,0,2,0%,30.5
adhd in hebrew,0,2,0%,31.5
שיטת cog fun,0,2,0%,60
מד,0,1,0%,1
מנטורית,0,1,0%,1
adhdo,0,1,0%,3
shimchi,0,1,0%,3
נשים,0,1,0%,4
אפשר הסבר?,0,1,0%,5
hightech,0,1,0%,7
adhd conference near me,0,1,0%,8
מה זה adhd?,0,1,0%,9
adhdeal,0,1,0%,10
to tech,0,1,0%,11
mentorship for women with adhd?,0,1,0%,12
adhd offshore,0,1,0%,13
adhd פירוש,0,1,0%,20
ליאור עקירב,0,1,0%,21
adch,0,1,0%,26
attention deficit disorder מה זה,0,1,0%,28
הפרעת קשב באנגלית,0,1,0%,28
adhd simptome,0,1,0%,32
מהו קשב,0,1,0%,32
activehead,0,1,0%,34
אושר עשור,0,1,0%,34
אמיר צח,0,1,0%,34
adhd technology,0,1,0%,35
מנטורית אישית,0,1,0%,47
cog fun מה זה,0,1,0%,49
adhdod,0,1,0%,53
mentoring for young adults with adhd,0,1,0%,64
attention group,0,1,0%,75